Дата,URL площадки,Тема статьи/поста,Площадка (код),Роль (H/1/2),Язык,Ключ,Индексация отправлена
2026-09-27,https://uskotoivo81-netizen.github.io/check-url-indexed-google-curl/,Check if a URL is indexed in Google with curl,GITHUB-PAGES,test,EN,check url indexed google curl,нет
2026-09-26,https://speedyindex---google-indexing-service.webflow.io/blog/backlink-counts-after-indexing,Backlink counts after indexing (тест),WEBFLOW,test,EN,—,нет
2026-09-29,https://uskotoivo81-netizen.github.io/google-index-checker-api-after-custom-search-shutdown/,Google index checker API: what replaces Custom Search JSON API after 2027-01-01,GITHUB-PAGES,H,EN,google index checker api,нет
2026-09-29,https://blog.speedyindex.com/google-index-checker/google-custom-search-json-api-zakryvaetsya-1-yanvarya-2027-chem-zamenit-proverku-indeksaczii-po-api/,Google Custom Search JSON API закрывается 1 января 2027: чем заменить проверку индексации по API,BLOG.SPEEDYINDEX.COM,H,RU,custom search json api проверка индексации,нет
2026-09-29,https://indexpedia.ru/proverka-indeksatsii/custom-search-json-api-chto-eto-i-pochemu-google-zakryvaet-ego-v-2027-godu/,Custom Search JSON API — что это и почему Google закрывает его в 2027 году,INDEXPEDIA.RU,1,RU,custom search json api что это,нет
2026-09-29,https://speedyindex.ru/kak-perevesti-massovuyu-proverku-indeksaczii-s-google-custom-search-api-na-drugoj-api-poshagovo/,Как перевести массовую проверку индексации с Google Custom Search API на другой API: пошагово,SPEEDYINDEX.RU,1,RU,миграция с custom search api,нет
2026-09-29,https://speedyindex---google-indexing-service.webflow.io/blog/migrate-index-checker-from-custom-search-api,How to migrate an index checker off Google Custom Search API,WEBFLOW,1,EN,migrate index checker custom search api,нет
2026-09-29,https://speedy-index.mintlify.app/api/google-index-checker,Google index checker API (reference),MINTLIFY,1,EN,google index checker api reference,нет
2026-09-29,https://gamma.app/docs/yzhiq6nc1wj74w7,Custom Search JSON API vs SpeedyIndex checker API,GAMMA,2,EN,custom search api vs index checker api,нет
2026-09-29,https://www.gryz.ai/d/custom-search-api-shutdown-index-checker-checklist/,Custom Search API shutdown: 10-point checklist for index-check scripts,GRYZ,2,EN,custom search api shutdown checklist,нет
2026-09-29,https://bestlinkindexer.notion.site/Will-the-Google-Custom-Search-API-shutdown-break-my-index-checker-3ea3cbb7864c81b1b52dfe1cff79f80c,Will the Google Custom Search API shutdown break my index checker?,NOTION,2,EN,custom search api shutdown index checker,нет
2026-09-29,https://gist.github.com/uskotoivo81-netizen/b631373863d5381c843316ea7730ab41,speedyindex_index_check.py — bulk index check script,GITHUB-GIST,2,EN,speedyindex api python,нет
